First Name,Last Name,Email,Phone Number,Address,SSN,Job Title,Department,Salary,Password
Isaiah,Miller,bcharles@example.org,598-525-2867,"3352 Mcneil Mews
Kendraside, NM 68681",643-73-6830,Furniture designer,HR,55385,PuneiZJ3
Larry,Gomez,emiller@example.org,+1-996-302-6054x2412,"8724 Derrick Ports
Port Shannon, NC 31136",034-85-5744,Photographer,Operations,41427,LeHhf97o
Rose,Wilson,littlescott@example.org,(262)660-9556,"80190 Warner Park Apt. 224
Bradyberg, WA 97587",762-51-7624,Diplomatic Services operational officer,Operations,58068,bUwvswKJ
Steven,Grimes,zthomas@example.net,+1-965-970-8063x8320,"0070 Woods Mission
North Stephen, MT 90009",140-79-5438,Hydrologist,Operations,36209,2dqu17oQ
Andrew,Mitchell,sanderson@example.net,+1-534-765-7609x277,"433 Michael Burg
Port Stephanieborough, ME 46795",310-84-2349,"Secretary, company",HR,117521,A7L5wimf
Jeanette,Young,patricianelson@example.com,241-531-6108,"043 Hall Crest Suite 845
New Adam, MP 75209",640-16-5349,Statistician,Operations,42915,FnKCOPhP
Stephanie,Sweeney,arivera@example.org,843.346.9438x3810,"974 Phillips Parks Suite 363
Lake Heathermouth, OH 71541",576-33-4538,"Runner, broadcasting/film/video",Marketing,77257,G7tuInwM
Wendy,Ray,jacksonheather@example.net,(479)312-3609,"PSC 8938, Box 8158
APO AP 59469",144-83-9260,Games developer,Operations,92702,wzWkKawj
Bryan,Wagner,robertrice@example.org,558.223.9390,"777 Terrance Tunnel
Port Brucemouth, CO 98480",503-77-9442,Meteorologist,IT,32630,kFCW9Jyl
Joseph,Vazquez,wileydiana@example.org,(602)832-5947x92276,"289 Aaron Ville Suite 389
New Ryanborough, IA 33822",226-50-1284,Media buyer,Operations,50295,fGTjw57I
Heather,Bauer,radams@example.net,953.971.7196,"364 Alexander Mall
Brookefort, LA 24449",306-73-2851,Garment/textile technologist,Operations,78130,c3o8tpJG
Brian,Hawkins,michellesutton@example.com,599.863.8762x98126,"679 Jasmine Mountains Apt. 697
Sharpshire, OK 06169",339-29-5239,Clinical research associate,IT,114642,TRmtQ5M5
Victor,Baker,dean26@example.com,843-666-8719,"7808 Kyle Spurs
Lancehaven, PA 02080",403-37-8105,"Scientist, research (medical)",Operations,31224,nZre1bm6
Elaine,Sanchez,bcooper@example.net,001-956-627-8627x502,"4449 Cabrera Crossing Apt. 926
North Tamaraville, MD 52870",855-65-8070,Medical secretary,HR,61135,9fVSSt2f
Jenna,Stewart,carrrichard@example.net,+1-931-428-2319x69336,"43937 Charles Haven Suite 069
North Jamesshire, TX 32775",275-29-6128,Recruitment consultant,Marketing,71942,ccW4NeMA
Michael,Hernandez,steven75@example.com,433-943-2842,"350 Giles Forge Suite 461
Donnastad, MA 08630",124-95-6958,"Engineer, manufacturing",IT,99711,NXIN8Vxo
Bradley,Murphy,slarsen@example.com,308-500-5591,"077 Rivera Springs
Anitachester, MO 06146",233-61-9507,Charity officer,IT,100642,D871UmyJ
Caitlin,Henderson,vdunn@example.net,001-331-520-8751x6092,"2050 Williams Mews Apt. 990
Tracyhaven, ND 12706",577-43-2464,"Copywriter, advertising",Finance,109491,84lGMCEA
Carlos,Hunter,lauren80@example.com,223-995-5364,"542 Angela Road Suite 533
West Heatherfurt, CO 24600",350-56-0144,Solicitor,IT,48341,ZkMJeKTG
Jeffrey,Morgan,masonadams@example.com,425-701-2468x285,"7312 Patricia Junctions Suite 965
North Davidside, PA 59943",106-03-2017,Marketing executive,Finance,76324,veXyDo2n
Vanessa,Campbell,contrerasstefanie@example.org,(700)653-0121,"45552 Mullins Ridge Suite 836
Wigginsmouth, AS 78170",279-67-3615,"Radiographer, diagnostic",IT,63311,93zohjvB
Jennifer,Walton,nburns@example.net,7172620260,"Unit 9570 Box 3431
DPO AP 53907",569-72-1324,"Doctor, general practice",Operations,100677,zP14I4ar
Scott,Garcia,tbuck@example.com,+1-828-892-9037x548,"4349 Davis Drives Apt. 612
Bradshawton, NM 92495",277-42-8510,Pensions consultant,Finance,91844,TyGfWDBt
Chad,Murray,karen53@example.com,264-531-0657x93546,"21939 Benson Mission Suite 998
New Jorge, IA 87384",214-55-4705,"Education officer, community",IT,65435,fyTyhKBv
Ann,Davis,cooperjennifer@example.com,9597184954,"5457 Montgomery Drive Apt. 121
Jamesberg, TN 09266",413-07-6172,Licensed conveyancer,Finance,76583,Bpd3WRFH
Christina,Jones,shepardsandra@example.net,001-229-457-9115x959,"807 Nicholas Course
Bethanyfort, OH 69264",856-42-4624,Geochemist,Finance,79906,0ZKVXuyM
Anthony,Young,jordannicholas@example.org,001-961-356-9782x54267,"Unit 3708 Box 6863
DPO AE 41837",881-81-1955,Osteopath,IT,83432,p0qBKke0
Bailey,Adams,hwilson@example.com,(956)785-4334,"Unit 1062 Box 7710
DPO AP 11861",723-07-5203,Airline pilot,HR,46034,UTa7qfP7
John,Scott,rogerschristian@example.com,742-575-5721x4459,"167 Larry Turnpike
West Carl, CA 78603",304-81-3189,"Designer, blown glass/stained glass",IT,48916,Zz7vJBT1
Steven,Mccarthy,slutz@example.com,(674)792-6403,"23205 David Unions Suite 004
Kaitlynchester, MH 40881",824-64-2257,Astronomer,IT,56517,XxAQzsKk
Anna,Rogers,amanda91@example.net,(621)865-9464x029,"334 Brennan Divide Apt. 729
Potterbury, AK 01097",206-98-3753,Physiotherapist,HR,118423,EHPKtyoy
Kathryn,Wolfe,amandanorton@example.com,371.241.6573x60702,"09131 Cooper Stravenue Apt. 097
East David, FM 47782",593-98-2157,Medical sales representative,HR,112797,k7qIMt7w
Holly,Walter,wallacemichael@example.net,419-256-4628x672,"PSC 9254, Box 7960
APO AE 96895",759-53-0274,Trade mark attorney,Marketing,98884,pdCHhRgw
Christine,Floyd,nochoa@example.net,(429)708-3992x752,"54543 Hebert Trace
Daleville, PA 96279",505-65-0617,Dance movement psychotherapist,IT,42069,12CXEQLu
Victor,Williams,williamstracey@example.com,9239527938,"Unit 5189 Box 7574
DPO AP 52091",650-91-2679,"Engineer, building services",HR,114375,76NLW6ng
Ann,Huerta,paulamiller@example.org,705.494.6031x78848,"559 Jenkins Mountain Suite 421
North Victor, HI 00884",200-04-5566,"Surveyor, quantity",Marketing,83801,dPqTJ4OU
Richard,Andrade,sjones@example.org,+1-291-971-7779x25585,"897 Anderson Ford
North Kendratown, DC 81491",406-60-2544,Waste management officer,IT,41776,XqMkTQka
Matthew,Newton,tiffanymorse@example.com,485.344.7345x520,"53613 Jennifer Flat Apt. 019
Halltown, AS 94281",800-51-0724,"Scientist, research (maths)",Operations,37842,c5jNdGgT
Jason,Brown,bryantalexander@example.net,(812)925-4545x732,"561 Mathews Trafficway
Arellanoview, ID 74630",831-93-3341,Acupuncturist,HR,39898,SZpsUfMp
Brittany,Jenkins,xbryant@example.net,+1-930-906-7492x049,"2177 Cathy Underpass
Smithfurt, DC 25467",044-27-0934,Education administrator,IT,81909,nH0komhu
Charles,Newton,sjones@example.net,001-756-983-2930x8655,"992 Chapman Plains Apt. 843
Gomeztown, AL 76005",775-95-5839,Arts administrator,Marketing,44479,oZbLKgMr
Susan,Garrett,danielle79@example.org,+1-461-418-3441,"1319 Mary Dale Apt. 447
North Angelafort, CO 10677",856-36-7876,TEFL teacher,Marketing,103801,lf2tsl5G
Amy,Fowler,gcollins@example.com,597.643.6213x038,"547 Ethan Pine Apt. 153
Stephaniechester, MN 14000",592-54-5671,Mudlogger,Marketing,108475,Aqbq8vBA
Shelly,Bailey,huffjames@example.org,398.812.5846x283,"6802 Taylor Route Suite 613
South Cindy, AL 31674",376-28-0315,Environmental health practitioner,IT,90668,pdYnsOXJ
Tricia,Whitehead,garretternest@example.org,820.319.7127x2500,"130 Brianna Mountain
South Jamesfort, TX 23810",047-14-9564,Passenger transport manager,IT,47238,6V9ZMELW
Lisa,Cortez,renee13@example.org,532.657.1582,"4611 Alexandra Light Apt. 326
Lake Madison, GU 86298",294-39-9499,Retail merchandiser,IT,82772,l3GgJWhv
Benjamin,Mcintosh,edgar51@example.org,416.547.4065x41667,"12491 Heather Fort
New Brian, TX 68477",593-42-8944,Geophysical data processor,HR,101851,GN5b5RBk
Michael,Gardner,mark02@example.com,213-867-9349x29050,"837 Arias Row
Davisburgh, DE 31297",146-75-4111,"Scientist, audiological",Operations,49661,PmcueBYa
Desiree,Vasquez,xburton@example.com,001-864-693-2749x9619,"140 Shaw Grove
Lake Stefanie, AZ 71268",765-98-6347,"Programmer, multimedia",IT,35092,Upf6C0Cv
Daniel,Richards,valerie07@example.org,+1-255-760-3636x91410,"64359 Walter Court
Port Susanburgh, CA 92201",809-70-3058,Orthoptist,Operations,35569,pWYgqqib
