First Name,Last Name,Job Title,Department,Email,Address,Phone Number,Salary,Password
Arthur,Choi,"Psychologist, counselling","Psychologist, clinical",lisathompson@example.org,South Deborahton,927-590-9376,90267,XiU7hQaB
Kathryn,Robinson,"Embryologist, clinical","Designer, textile",kimmejia@example.com,North Brandiport,001-922-320-0044x393,52071,Ij7aBPEi
Andrew,Ball,Radiation protection practitioner,"Engineer, control and instrumentation",webstereric@example.com,Jamesville,591-365-4977x7809,92692,QeCAI50a
Shane,Cook,Archaeologist,"Surveyor, commercial/residential",mejiacarrie@example.com,South Kenneth,001-211-520-4937x309,47795,8vLwBWwC
Sherry,Turner,Musician,Music therapist,xmartinez@example.org,Patrickside,416.211.2500,28116,jYJ45zub
Timothy,Johnson,"Psychologist, clinical",Chemical engineer,kenneth31@example.com,Susanstad,(363)542-1047,39771,j6zrpd2R
Jesse,Wong,Advertising account executive,Printmaker,bshaw@example.org,Ramosstad,855.843.5487,79037,9osFY5jp
Paul,Martin,Lawyer,Insurance underwriter,bridgessandy@example.org,South Jamesburgh,(489)396-0245x33125,44962,5Mn6AUig
Joseph,Mckay,Theatre stage manager,Tax inspector,valerie35@example.com,Brayshire,9812719791,90215,cXx6aapc
Kiara,Hernandez,"Therapist, art",Company secretary,deannacooper@example.com,Edwardstad,(483)385-6168x2429,15145,9xtVw72D
Aaron,Henderson,"Librarian, academic",Podiatrist,seanwright@example.org,West Jefferyport,001-259-317-5083x926,34588,KlEmosuq
Selena,Gomez,Systems analyst,"Research officer, government",timothyfuentes@example.com,Baileymouth,960.937.8332,84666,UP3Dubf2
Sandra,Villanueva,Product designer,"Accountant, chartered",kimberly53@example.org,Alvaradoland,4927487001,7127,8AKDpbLk
Kevin,Day,Sport and exercise psychologist,Learning disability nurse,tannerdelgado@example.com,New Albert,+1-555-314-1075x97785,11405,fR67dImX
Jessica,Potter,"Surveyor, commercial/residential",Water engineer,ruthhall@example.com,Lanetown,+1-950-565-1489x4086,76771,rfcb5AKL
Dustin,Ryan,Mechanical engineer,Multimedia programmer,jjohnson@example.com,North Erikaberg,001-798-693-3606x408,15602,Z9OPfdYu
Michelle,Mclaughlin,Purchasing manager,"Psychologist, counselling",nburnett@example.net,Clarkchester,3013361077,63844,dFiQuFqM
Eric,Taylor,"Engineer, building services","Engineer, communications",kirkstephen@example.net,Jessicastad,391.929.3482x4466,34212,en4JnqkA
Jeffrey,Zimmerman,Hospital doctor,Market researcher,dpowell@example.net,Bowersville,7546451724,5053,mqSHileV
Tamara,Wilkinson,"Teacher, primary school",Financial controller,reyesjames@example.com,West Cindy,864-763-5482x934,98963,jhxQjUl5
Krista,Wiley,Rural practice surveyor,Landscape architect,amber03@example.net,Jasminechester,+1-553-602-0905x07533,76968,97Qquw3R
Christina,Lane,Charity officer,Television/film/video producer,travis23@example.net,Daltonborough,853.934.6655,89254,GZor1Dfa
Dennis,Freeman,Lobbyist,Retail banker,melissa88@example.net,New Roseview,3433135408,98978,CAvUNskQ
Diana,Williamson,Multimedia programmer,Market researcher,fwilliams@example.com,West Shannonburgh,5293527450,27929,GO8vsny9
Jesse,Sampson,Public affairs consultant,Planning and development surveyor,mdouglas@example.org,New Jennifer,623.280.8344x0542,71352,RVO5jTXl
Steven,Allison,Logistics and distribution manager,Operational investment banker,kevinhall@example.org,Karitown,(270)397-3747,92650,NbRwA4AY
Thomas,Smith,Clinical psychologist,Market researcher,deanna63@example.com,Richardsland,470-620-2409,96931,gxaPgSF1
Benjamin,Oneal,"Therapist, horticultural",Nutritional therapist,gabrielle74@example.net,South Michael,001-774-592-2657x03978,35774,NxcODU7N
Mary,Martin,Patent examiner,Museum education officer,alexandriajohnson@example.net,West Lauren,001-623-492-5107x659,184,GnPyJkqo
April,Crane,"Nurse, children's",International aid/development worker,dlopez@example.org,East Eduardo,956-916-1821x3389,27294,bruJUi9v
Timothy,Carr,Primary school teacher,"Engineer, land",ereid@example.net,West Johnshire,287.603.3131,77348,JbkJAbsr
Kelly,Thomas,Hospital doctor,"Teacher, early years/pre",gcline@example.com,Harperside,001-948-831-0840x097,52812,AU0S0NrZ
Kimberly,Jackson,"Engineer, site","Pharmacist, hospital",courtneyhubbard@example.org,Port Stacyside,551.716.0484,82163,oCgk5pnR
Christopher,Franco,Health physicist,Consulting civil engineer,robertgray@example.org,Duncanshire,(571)952-6933,40478,ZvOIlM1y
Jessica,Huff,Plant breeder/geneticist,"Designer, blown glass/stained glass",rmann@example.org,Matthewchester,+1-321-396-1623,87383,Ddd7rjty
Connor,Barry,Office manager,Event organiser,joshua47@example.org,Lake Jessicamouth,+1-868-807-2442x4284,70519,0MrjAE2Y
Patrick,Sanchez,Air traffic controller,Curator,madeline34@example.org,East Emily,390-405-4383,2433,QeSrvXbO
Joann,Carter,Marine scientist,Primary school teacher,amanda04@example.net,New Robert,205.877.6402,47755,FilGiVeT
Whitney,Jacobson,Clinical embryologist,Geophysical data processor,mirandawilliams@example.net,South Tiffanytown,969.466.4536,97073,j5V8dZuI
Susan,Daugherty,"Engineer, chemical","Teacher, secondary school",rita39@example.org,Dylanton,902-704-2515x1742,74057,ku5E175h
Tammie,Williams,Materials engineer,Logistics and distribution manager,franklinrebecca@example.com,Rodriguezton,354.876.2419x8404,21528,M9zIQwUt
Anthony,Hayes,Animal technologist,Building services engineer,nobrien@example.org,Snowchester,001-958-764-8613x3432,10988,nrW3Lk7s
Madison,Woods,Warden/ranger,"Nurse, learning disability",lindseyhill@example.com,North Kaylafurt,(491)574-0419,58543,Ly8F23Ez
Angela,George,"Scientist, physiological","Civil engineer, consulting",aaron98@example.com,Cynthiashire,614-867-2245x679,95649,xxZTTGUa
Michele,Gardner,Geographical information systems officer,"Producer, television/film/video",amandasavage@example.com,Riddleberg,001-896-619-1301x7978,51829,l5TTZ2iJ
Dennis,Davis,"Development worker, international aid",Building surveyor,joshua61@example.net,West Ericport,001-233-504-2608x9336,73760,4wS6D6XZ
Sarah,Burton,Financial planner,Systems developer,parkerjeremy@example.com,Millerview,001-580-954-6645x6867,99818,y9OIsDCF
Sara,Pham,Fisheries officer,Jewellery designer,salazarkenneth@example.net,Lisachester,588-269-2162,40009,867SbZcM
Chad,Hernandez,Dispensing optician,Gaffer,barbarabennett@example.com,North Loganberg,+1-526-717-7925,40983,qgxZsWSg
Mary,Little,Corporate treasurer,Diplomatic Services operational officer,nguyenchristina@example.net,Lake Joshuaport,(961)568-6173x73120,61229,kRdhbJQ6
